{"stats":{"minecraft:killed":{"minecraft:chicken":3,"minecraft:tropical_fish":19,"minecraft:wolf":3},"minecraft:mined":{"minecraft:snow_block":14},"minecraft:custom":{"minecraft:inspect_dropper":5,"minecraft:mob_kills":25,"minecraft:animals_bred":4,"minecraft:inspect_hopper":9,"minecraft:interact_with_crafting_table":104,"minecraft:open_barrel":82,"minecraft:open_shulker_box":333,"minecraft:leave_game":45,"minecraft:time_since_death":248178,"minecraft:damage_resisted":36,"minecraft:climb_one_cm":37306,"minecraft:sprint_one_cm":1477334,"minecraft:walk_one_cm":2750521,"minecraft:drop":286,"minecraft:talked_to_villager":40,"minecraft:deaths":29,"minecraft:sneak_time":54966,"minecraft:walk_under_water_one_cm":318573,"minecraft:boat_one_cm":76544,"minecraft:jump":12499,"minecraft:walk_on_water_one_cm":309059,"minecraft:interact_with_furnace":70,"minecraft:traded_with_villager":118,"minecraft:play_one_minute":6369863,"minecraft:raid_trigger":1,"minecraft:pot_flower":1,"minecraft:sleep_in_bed":1,"minecraft:time_since_rest":248201,"minecraft:damage_taken":17330,"minecraft:damage_absorbed":10467,"minecraft:damage_dealt":997,"minecraft:fly_one_cm":10252465,"minecraft:swim_one_cm":646310,"minecraft:open_chest":324,"minecraft:crouch_one_cm":60962,"minecraft:aviate_one_cm":4512188,"minecraft:interact_with_smoker":27,"minecraft:fish_caught":1,"minecraft:fall_one_cm":566004,"minecraft:horse_one_cm":206340},"minecraft:dropped":{"minecraft:bread":192,"minecraft:black_dye":72,"minecraft:glass_bottle":2,"minecraft:feather":2,"minecraft:lead":64,"minecraft:emerald":192,"minecraft:oxeye_daisy":12,"minecraft:yellow_dye":36,"minecraft:pumpkin":4,"minecraft:tripwire_hook":1,"minecraft:tropical_fish_bucket":1,"minecraft:snow_block":2,"minecraft:enchanted_golden_apple":191,"minecraft:poppy":12,"minecraft:potato":384,"minecraft:melon_seeds":12,"minecraft:blue_ice":6,"minecraft:fire_coral_block":8,"minecraft:diamond_boots":1,"minecraft:light_gray_dye":36,"minecraft:magenta_dye":36},"minecraft:crafted":{"minecraft:black_dye":72,"minecraft:tripwire_hook":8,"minecraft:quartz":64,"minecraft:diamond_block":7,"minecraft:blue_ice":6,"minecraft:diamond_helmet":2,"minecraft:diamond_leggings":2,"minecraft:melon_seeds":12,"minecraft:diamond_boots":2,"minecraft:poppy":12,"minecraft:magenta_dye":36,"minecraft:cooked_beef":117,"minecraft:pumpkin":4,"minecraft:diamond_sword":2,"minecraft:baked_potato":15,"minecraft:fire_coral_block":8,"minecraft:air":0,"minecraft:tropical_fish_bucket":4,"minecraft:yellow_dye":36,"minecraft:oxeye_daisy":12,"minecraft:golden_apple":5,"minecraft:iron_ingot":1,"minecraft:snow_block":108,"minecraft:light_gray_dye":36,"minecraft:diamond_chestplate":7},"minecraft:picked_up":{"minecraft:chicken":3,"minecraft:leather_leggings":3,"minecraft:lead":2,"minecraft:turtle_egg":55,"minecraft:potion":1,"minecraft:elytra":1,"minecraft:armor_stand":4,"minecraft:pufferfish":1,"minecraft:player_head":3,"minecraft:iron_nugget":2,"minecraft:poppy":12,"minecraft:enchanted_golden_apple":191,"minecraft:egg":10,"minecraft:snow_block":2,"minecraft:black_dye":72,"minecraft:tropical_fish":19,"minecraft:diamond_boots":1,"minecraft:snowball":48,"minecraft:white_wool":21,"minecraft:oxeye_daisy":12,"minecraft:leather_chestplate":3,"minecraft:feather":5,"minecraft:tripwire_hook":1,"minecraft:yellow_dye":36,"minecraft:potato":320,"minecraft:magenta_dye":36,"minecraft:light_gray_dye":36,"minecraft:leather_boots":3,"minecraft:fire_coral_block":8,"minecraft:glass_bottle":1,"minecraft:tropical_fish_bucket":1,"minecraft:pumpkin":4,"minecraft:barrel":1,"minecraft:blue_ice":6,"minecraft:emerald":192,"minecraft:bread":192,"minecraft:melon_seeds":12},"minecraft:used":{"minecraft:oak_fence":14,"minecraft:trident":9,"minecraft:jack_o_lantern":1,"minecraft:writable_book":2,"minecraft:iron_bars":43,"minecraft:trader_llama_spawn_egg":11,"minecraft:acacia_log":10,"minecraft:flint_and_steel":4,"minecraft:white_tulip":4,"minecraft:armor_stand":3,"minecraft:redstone":126,"minecraft:ladder":14,"minecraft:chest":32,"minecraft:player_head":5,"minecraft:oak_door":2,"minecraft:torch":180,"minecraft:mutton":2,"minecraft:dirt":25,"minecraft:anvil":10,"minecraft:red_nether_brick_slab":48,"minecraft:spruce_fence":49,"minecraft:snowball":1,"minecraft:birch_door":2,"minecraft:wandering_trader_spawn_egg":6,"minecraft:glass":3,"minecraft:lava_bucket":148,"minecraft:red_tulip":5,"minecraft:iron_block":4,"minecraft:iron_axe":32,"minecraft:tropical_fish_spawn_egg":209,"minecraft:smooth_quartz":288,"minecraft:barrel":28,"minecraft:magma_cube_spawn_egg":1,"minecraft:item_frame":74,"minecraft:repeater":26,"minecraft:tripwire_hook":2,"minecraft:dolphin_spawn_egg":76,"minecraft:redstone_lamp":1,"minecraft:magma_block":2,"minecraft:snow":70,"minecraft:scaffolding":9,"minecraft:wolf_spawn_egg":3,"minecraft:egg":4,"minecraft:cooked_beef":20,"minecraft:potato":6,"minecraft:enchanted_golden_apple":8,"minecraft:turtle_spawn_egg":19,"minecraft:water_bucket":314,"minecraft:cow_spawn_egg":8,"minecraft:pink_tulip":5,"minecraft:spruce_door":1,"minecraft:snow_block":11024,"minecraft:glass_bottle":4,"minecraft:red_nether_bricks":251,"minecraft:orange_tulip":5,"minecraft:redstone_block":57,"minecraft:cauldron":2,"minecraft:diamond_axe":16,"minecraft:sheep_spawn_egg":15,"minecraft:smooth_quartz_stairs":31,"minecraft:oak_leaves":2,"minecraft:golden_apple":14,"minecraft:rail":9,"minecraft:oak_slab":1,"minecraft:crafting_table":35,"minecraft:birch_sign":60,"minecraft:blue_ice":225,"minecraft:crossbow":3,"minecraft:white_bed":1,"minecraft:skeleton_horse_spawn_egg":2,"minecraft:painting":40,"minecraft:smoker":2,"minecraft:dark_oak_door":1,"minecraft:creeper_spawn_egg":152,"minecraft:redstone_torch":14,"minecraft:sticky_piston":50,"minecraft:lever":28,"minecraft:apple":4,"minecraft:firework_rocket":194,"minecraft:diamond_shovel":14,"minecraft:birch_fence_gate":1,"minecraft:acacia_door":1,"minecraft:command_block":1,"minecraft:chicken":3,"minecraft:heavy_weighted_pressure_plate":1,"minecraft:iron_pickaxe":5,"minecraft:stone_button":5,"minecraft:string":1,"minecraft:oak_button":11,"minecraft:map":7,"minecraft:spruce_trapdoor":26,"minecraft:iron_door":4,"minecraft:fishing_rod":1,"minecraft:fire_charge":69,"minecraft:potion":36,"minecraft:pufferfish_bucket":1,"minecraft:porkchop":1,"minecraft:jungle_door":1,"minecraft:ice":184,"minecraft:splash_potion":48}},"DataVersion":1976}