{"stats":{"minecraft:used":{"minecraft:polished_andesite":381,"minecraft:orange_stained_glass":18,"minecraft:white_stained_glass":16,"minecraft:chest":6,"minecraft:oak_sign":14,"minecraft:white_terracotta":17,"minecraft:red_terracotta":2,"minecraft:red_stained_glass_pane":1,"minecraft:quartz_stairs":8,"minecraft:blue_stained_glass":16,"minecraft:red_stained_glass":16},"minecraft:custom":{"minecraft:jump":47,"minecraft:time_since_rest":240171,"minecraft:play_one_minute":494299,"minecraft:walk_one_cm":44488,"minecraft:leave_game":27,"minecraft:sprint_one_cm":42,"minecraft:damage_taken":80,"minecraft:time_since_death":240059,"minecraft:deaths":1,"minecraft:sneak_time":268,"minecraft:fall_one_cm":1081,"minecraft:fly_one_cm":77628}},"DataVersion":1976}