{"stats":{"minecraft:dropped":{"minecraft:snowball":1},"minecraft:used":{"minecraft:diamond_shovel":4,"minecraft:snowball":63,"minecraft:snow_block":13,"minecraft:polished_andesite":103},"minecraft:custom":{"minecraft:jump":10,"minecraft:open_chest":3,"minecraft:time_since_rest":110064,"minecraft:play_one_minute":157035,"minecraft:damage_taken":1442,"minecraft:leave_game":26,"minecraft:sprint_one_cm":1314,"minecraft:time_since_death":109998,"minecraft:walk_one_cm":21768,"minecraft:deaths":5,"minecraft:sneak_time":16,"minecraft:fly_one_cm":6428,"minecraft:fall_one_cm":7753,"minecraft:drop":1},"minecraft:mined":{"minecraft:snow_block":4}},"DataVersion":1976}