{"stats":{"minecraft:mined":{"minecraft:grass":15,"minecraft:oak_sign":1},"minecraft:picked_up":{"minecraft:splash_potion":1,"minecraft:arrow":29,"minecraft:redstone":1,"minecraft:elytra":2},"minecraft:used":{"minecraft:water_bucket":33,"minecraft:blue_terracotta":9,"minecraft:repeater":63,"minecraft:snow":296,"minecraft:tnt":278,"minecraft:grass_block":871,"minecraft:polished_andesite":170,"minecraft:dispenser":1,"minecraft:redstone":48,"minecraft:oak_planks":70,"minecraft:stone_button":7,"minecraft:oak_sign":5,"minecraft:smooth_stone_slab":40,"minecraft:red_terracotta":14,"minecraft:granite":75,"minecraft:snowball":19,"minecraft:splash_potion":1},"minecraft:dropped":{"minecraft:snow":1,"minecraft:elytra":1,"minecraft:polished_andesite":1},"minecraft:custom":{"minecraft:time_since_rest":22471,"minecraft:crouch_one_cm":62,"minecraft:play_one_minute":2318391,"minecraft:damage_taken":10056,"minecraft:sprint_one_cm":4944,"minecraft:deaths":16,"minecraft:walk_one_cm":133381,"minecraft:sneak_time":198,"minecraft:walk_under_water_one_cm":2070,"minecraft:drop":3,"minecraft:aviate_one_cm":5611777,"minecraft:jump":164,"minecraft:damage_dealt":10,"minecraft:leave_game":16,"minecraft:walk_on_water_one_cm":14653,"minecraft:time_since_death":22324,"minecraft:fall_one_cm":53412,"minecraft:fly_one_cm":201365,"minecraft:inspect_dispenser":10}},"DataVersion":1976}