{"stats":{"minecraft:dropped":{"minecraft:snow":1,"minecraft:red_wool":1,"minecraft:elytra":1,"minecraft:polished_andesite":1},"minecraft:picked_up":{"minecraft:splash_potion":1,"minecraft:arrow":29,"minecraft:redstone":1,"minecraft:elytra":11},"minecraft:custom":{"minecraft:time_since_rest":7735,"minecraft:crouch_one_cm":62,"minecraft:play_one_minute":2391732,"minecraft:damage_taken":10879,"minecraft:sprint_one_cm":5232,"minecraft:deaths":23,"minecraft:walk_one_cm":173091,"minecraft:sneak_time":198,"minecraft:walk_under_water_one_cm":2070,"minecraft:drop":4,"minecraft:aviate_one_cm":7547785,"minecraft:jump":198,"minecraft:damage_dealt":10,"minecraft:leave_game":16,"minecraft:walk_on_water_one_cm":18990,"minecraft:time_since_death":7685,"minecraft:fall_one_cm":56224,"minecraft:fly_one_cm":582445,"minecraft:inspect_dispenser":10},"minecraft:mined":{"minecraft:grass":16,"minecraft:oak_sign":1},"minecraft:used":{"minecraft:water_bucket":33,"minecraft:blue_terracotta":9,"minecraft:repeater":63,"minecraft:snow":296,"minecraft:tnt":278,"minecraft:red_wool":166,"minecraft:polished_andesite":170,"minecraft:grass_block":902,"minecraft:dispenser":1,"minecraft:redstone":48,"minecraft:oak_planks":70,"minecraft:stone_button":7,"minecraft:oak_sign":5,"minecraft:blue_wool":139,"minecraft:smooth_stone_slab":40,"minecraft:red_terracotta":14,"minecraft:granite":75,"minecraft:snowball":19,"minecraft:splash_potion":1}},"DataVersion":1976}