{"stats":{"minecraft:dropped":{"minecraft:snow":1,"minecraft:red_wool":1,"minecraft:elytra":1,"minecraft:polished_andesite":1},"minecraft:used":{"minecraft:water_bucket":33,"minecraft:blue_terracotta":9,"minecraft:red_wool":167,"minecraft:grass_block":1224,"minecraft:red_concrete":129,"minecraft:redstone":48,"minecraft:dispenser":1,"minecraft:polished_andesite":170,"minecraft:oak_planks":70,"minecraft:stone_button":7,"minecraft:oak_sign":5,"minecraft:blue_wool":142,"minecraft:red_terracotta":14,"minecraft:repeater":63,"minecraft:snow":296,"minecraft:tnt":278,"minecraft:smooth_stone_slab":40,"minecraft:granite":75,"minecraft:snowball":19,"minecraft:splash_potion":1},"minecraft:picked_up":{"minecraft:splash_potion":1,"minecraft:redstone":1,"minecraft:elytra":11,"minecraft:arrow":29},"minecraft:custom":{"minecraft:time_since_rest":120415,"minecraft:walk_one_cm":258749,"minecraft:sprint_one_cm":8635,"minecraft:damage_taken":12108,"minecraft:drop":4,"minecraft:damage_dealt":10,"minecraft:fly_one_cm":926321,"minecraft:play_one_minute":2520215,"minecraft:crouch_one_cm":62,"minecraft:deaths":27,"minecraft:sneak_time":198,"minecraft:walk_under_water_one_cm":2070,"minecraft:aviate_one_cm":8258051,"minecraft:jump":245,"minecraft:leave_game":19,"minecraft:walk_on_water_one_cm":18990,"minecraft:time_since_death":120388,"minecraft:fall_one_cm":57351,"minecraft:inspect_dispenser":10},"minecraft:mined":{"minecraft:grass":16,"minecraft:oak_sign":1}},"DataVersion":1976}