{"stats":{"minecraft:broken":{"minecraft:leather_helmet":1,"minecraft:leather_boots":1,"minecraft:leather_leggings":1},"minecraft:mined":{"minecraft:grass":24,"minecraft:oak_sign":1},"minecraft:picked_up":{"minecraft:splash_potion":1,"minecraft:redstone":1,"minecraft:elytra":11,"minecraft:arrow":29},"minecraft:used":{"minecraft:water_bucket":33,"minecraft:blue_terracotta":9,"minecraft:red_wool":167,"minecraft:grass_block":1224,"minecraft:red_concrete":131,"minecraft:polished_andesite":170,"minecraft:dispenser":1,"minecraft:redstone":48,"minecraft:oak_planks":70,"minecraft:stone_button":7,"minecraft:oak_sign":5,"minecraft:blue_wool":142,"minecraft:red_terracotta":14,"minecraft:repeater":63,"minecraft:snow":296,"minecraft:bow":11,"minecraft:tnt":278,"minecraft:smooth_stone_slab":40,"minecraft:granite":75,"minecraft:snowball":20,"minecraft:splash_potion":1},"minecraft:dropped":{"minecraft:snow":1,"minecraft:red_wool":1,"minecraft:elytra":2,"minecraft:polished_andesite":1},"minecraft:custom":{"minecraft:time_since_rest":94083,"minecraft:walk_one_cm":315291,"minecraft:sprint_one_cm":23146,"minecraft:damage_taken":17499,"minecraft:drop":5,"minecraft:damage_dealt":10,"minecraft:fly_one_cm":1185049,"minecraft:crouch_one_cm":62,"minecraft:play_one_minute":3626916,"minecraft:deaths":40,"minecraft:sneak_time":198,"minecraft:walk_under_water_one_cm":2070,"minecraft:aviate_one_cm":8318950,"minecraft:jump":295,"minecraft:leave_game":25,"minecraft:walk_on_water_one_cm":18990,"minecraft:time_since_death":93616,"minecraft:fall_one_cm":60892,"minecraft:inspect_dispenser":10}},"DataVersion":1976}